{
    "/home/lpmayos/hd/code/transformers/lpmayos_experiments/prova/run1": {
        "predictions_9000.json": {
            "squad_exact_match": 78.54304635761589,
            "squad_f1": 86.54833569634555
        },
        "predictions_9250.json": {
            "squad_exact_match": 79.2336802270577,
            "squad_f1": 87.00213502894188
        },
        "predictions_9500.json": {
            "squad_exact_match": 79.64995269631031,
            "squad_f1": 87.41372036085316
        },
        "predictions_9750.json": {
            "squad_exact_match": 79.68779564806054,
            "squad_f1": 87.32937488965169
        }
    },
    "/home/lpmayos/hd/code/transformers/lpmayos_experiments/prova/run2": {
        "predictions_9000.json": {
            "squad_exact_match": 78.54304635761589,
            "squad_f1": 86.54833569634555
        },
        "predictions_9250.json": {
            "squad_exact_match": 79.2336802270577,
            "squad_f1": 87.00213502894188
        },
        "predictions_9500.json": {
            "squad_exact_match": 79.64995269631031,
            "squad_f1": 87.41372036085316
        },
        "predictions_9750.json": {
            "squad_exact_match": 79.68779564806054,
            "squad_f1": 87.32937488965169
        }
    },
    "models_path": "/home/lpmayos/hd/code/transformers/lpmayos_experiments/prova"
}